{
  "name": "module-exemplo",
  "displayName": "Module Exemplo",
  "description": "Módulo de exemplo para demonstração do sistema modular",
  "version": "1.0.0",
  "author": "Sistema Core",
  "category": "Exemplo",
  "enabled": true,
  "requiresActivation": true,
  "routes": {
    "base": "/modules/module-exemplo",
    "pages": {
      "index": "/modules/module-exemplo",
      "settings": "/modules/module-exemplo/settings"
    }
  },
  "permissions": [
    {
      "name": "module-exemplo.view",
      "description": "Visualizar módulo exemplo"
    },
    {
      "name": "module-exemplo.manage", 
      "description": "Gerenciar módulo exemplo"
    }
  ],
  "config": {
    "menu": [
      {
        "label": "Página Principal",
        "path": "/modules/module-exemplo",
        "icon": "Home",
        "order": 1
      },
      {
        "label": "Configurações",
        "path": "/modules/module-exemplo/settings",
        "icon": "Settings",
        "order": 2
      }
    ],
    "userMenu": [
      {
        "label": "Acesso rápido – Module Exemplo",
        "path": "/modules/module-exemplo",
        "icon": "Package"
      }
    ],
    "dashboardWidgets": [
      {
        "title": "Widget do Module Exemplo",
        "description": "Widget de exemplo funcionando corretamente",
        "type": "info-card",
        "icon": "Package",
        "component": "ExemploWidget",
        "actionUrl": "/modules/module-exemplo",
        "actionLabel": "Acessar Módulo"
      }
    ],
    "notifications": {
      "events": [
        {
          "name": "module-exemplo-active",
          "title": "Module Exemplo",
          "message": "Notificação do Module Exemplo ativa."
        }
      ]
    },
    "slots": [
      {
        "position": "taskbar",
        "content": "Atalho do Module Exemplo",
        "type": "text"
      }
    ]
  }
}