{
  "name": "boas-vindas",
  "displayName": "Boas-Vindas",
  "version": "1.0.0",
  "description": "Módulo de boas-vindas e tutorial do sistema para facilitar a integração de novos usuários",
  "author": "Equipe de Desenvolvimento",
  "category": "tutoriais",
  "config": {
    "defaultSettings": {
      "showWelcomeOnFirstLogin": true,
      "enableTutorialProgress": false,
      "autoNavigateToDashboard": false
    },
    "permissions": [
      "boas-vindas:read",
      "boas-vindas:tutorial"
    ],
    "routes": [
      {
        "path": "/boas-vindas/frontend/pages/tutorial",
        "component": "TutorialPage",
        "title": "Tutorial - Boas-Vindas",
        "protected": false,
        "permissions": []
      }
    ],
    "menuItems": [
      {
        "label": "Tutorial",
        "icon": "book-open",
        "path": "/modules/boas-vindas/frontend/pages/tutorial",
        "order": 1.5,
        "permissions": []
      }
    ],
    "database": {
      "tables": [],
      "migrations": true,
      "seeds": true
    }
  }
}
